,count,unique,top,freq,mean,min,25%,50%,75%,max,std
row_id,25000.0,,,,12499.5,0.0,6249.75,12499.5,18749.25,24999.0,7217.022700994273
source_row_id,25000.0,,,,271052.64528,2.0,135444.0,270820.5,406505.5,541898.0,156655.82198759023
invoice_no,25000,10584,573585,57,,,,,,,
stock_code,25000,3014,85123A,114,,,,,,,
description,24935,3057,WHITE HANGING HEART T-LIGHT HOLDER,114,,,,,,,
quantity,25000.0,,,,9.5056,-2376.0,1.0,3.0,10.0,2880.0,43.22221436984229
order_date,25000,,,,2011-07-04 13:13:54.026400,2010-12-01 08:26:00,2011-03-28 11:23:30,2011-07-19 15:55:00,2011-10-19 11:41:00,2011-12-09 12:50:00,
unit_price,25000.0,,,,5.1113528399999995,0.0,1.25,2.08,4.13,13541.33,120.06614175645403
customer_id,18700.0,,,,15257.567165775401,12347.0,13899.75,15078.0,16764.0,18287.0,1713.5572300303613
country,25000,36,United Kingdom,22774,,,,,,,
amount,25000.0,,,,17.487655240000002,-11586.5,3.38,9.75,17.4,13541.33,131.2687463575003
image_height,25000.0,,,,8.0,8.0,8.0,8.0,8.0,8.0,0.0
image_width,25000.0,,,,8.0,8.0,8.0,8.0,8.0,8.0,0.0
