시나리오,점수 구간 수,최근성 기준(일),금액 열,고객군,고객 수,고객 비중,금액 비중,기본 대비 분류 이동률
기본 4구간·조정 금액,4,,amount_clean,장기 미구매 고객,1630,0.50138418948016,0.28895377522952953,0.0
기본 4구간·조정 금액,4,,amount_clean,반복 구매 고객,213,0.06551830206090434,0.020827921386476923,0.0
기본 4구간·조정 금액,4,,amount_clean,최근 저빈도 고객,461,0.1418025223008305,0.04240483072356591,0.0
기본 4구간·조정 금액,4,,amount_clean,핵심 우수 고객,947,0.2912949861581052,0.6478134726604275,0.0
3구간·조정 금액,3,,amount_clean,장기 미구매 고객,1086,0.3340510612119348,0.15447599157716088,0.20332205475238388
3구간·조정 금액,3,,amount_clean,반복 구매 고객,117,0.03598892648415872,0.007827922449064412,0.20332205475238388
3구간·조정 금액,3,,amount_clean,최근 저빈도 고객,714,0.21962473085204554,0.07091646625702246,0.20332205475238388
3구간·조정 금액,3,,amount_clean,핵심 우수 고객,1334,0.410335281451861,0.7667796197167523,0.20332205475238388
5구간·조정 금액,5,,amount_clean,장기 미구매 고객,1303,0.40079975392187017,0.20779075446206663,0.11904029529375577
5구간·조정 금액,5,,amount_clean,반복 구매 고객,178,0.0547523838818825,0.014762220496626849,0.11904029529375577
5구간·조정 금액,5,,amount_clean,최근 저빈도 고객,606,0.1864041833282067,0.05968991805430375,0.11904029529375577
5구간·조정 금액,5,,amount_clean,핵심 우수 고객,1164,0.3580436788680406,0.7177571069870028,0.11904029529375577
최근성 30일,4,30.0,amount_clean,장기 미구매 고객,2256,0.693940326053522,0.46355908946465485,0.19255613657336204
최근성 30일,4,30.0,amount_clean,반복 구매 고객,118,0.03629652414641649,0.011283238996777134,0.19255613657336204
최근성 30일,4,30.0,amount_clean,최근 저빈도 고객,214,0.0658258997231621,0.017734721421340693,0.19255613657336204
최근성 30일,4,30.0,amount_clean,핵심 우수 고객,663,0.20393725007689942,0.5074229501172274,0.19255613657336204
최근성 90일,4,90.0,amount_clean,장기 미구매 고객,1232,0.37896031990156875,0.1907646387744924,0.12242386957859121
최근성 90일,4,90.0,amount_clean,반복 구매 고객,251,0.07720701322669948,0.024553594443307316,0.12242386957859121
최근성 90일,4,90.0,amount_clean,최근 저빈도 고객,644,0.19809289449400186,0.06389560430559049,0.12242386957859121
최근성 90일,4,90.0,amount_clean,핵심 우수 고객,1124,0.3457397723777299,0.7207861624766099,0.12242386957859121
최근성 180일,4,180.0,amount_clean,장기 미구매 고객,736,0.2263918794217164,0.09564404480567905,0.27499231005844355
최근성 180일,4,180.0,amount_clean,반복 구매 고객,318,0.09781605659796985,0.031211580821099184,0.27499231005844355
최근성 180일,4,180.0,amount_clean,최근 저빈도 고객,912,0.28052906797908334,0.08997790405754326,0.27499231005844355
최근성 180일,4,180.0,amount_clean,핵심 우수 고객,1285,0.3952629960012304,0.7831664703156785,0.27499231005844355
4구간·원본 금액,4,,amount,장기 미구매 고객,1630,0.50138418948016,0.3006428405257398,0.012303906490310674
4구간·원본 금액,4,,amount,반복 구매 고객,253,0.07782220855121501,0.01840998997483841,0.012303906490310674
4구간·원본 금액,4,,amount,최근 저빈도 고객,461,0.1418025223008305,0.036060236155949346,0.012303906490310674
4구간·원본 금액,4,,amount,핵심 우수 고객,907,0.2789910796677945,0.6448869333434724,0.012303906490310674
